{"cameraMode":{"drawMode":0,"name":"Shaded","section":"Shading Mode"},"sceneLighting":true,"audioPlay":false,"sceneViewState":{"m_AlwaysRefresh":true,"showFog":true,"showSkybox":true,"showFlares":true,"showImageEffects":true,"showParticleSystems":true,"showVisualEffectGraphs":true,"m_FxEnabled":true},"in2DMode":false,"pivot":{"x":-0.9546868801116943,"y":1.1641578674316407,"z":0.47542864084243777},"rotation":{"x":0.07986185699701309,"y":0.8727626800537109,"z":-0.15064884722232819,"w":0.45785269141197207},"size":0.5402633547782898,"orthographic":false}