{"cameraMode":{"drawMode":0,"name":"Shaded","section":"Shading Mode"},"sceneLighting":true,"audioPlay":false,"sceneViewState":{"m_AlwaysRefresh":true,"showFog":true,"showSkybox":true,"showFlares":true,"showImageEffects":true,"showParticleSystems":true,"showVisualEffectGraphs":true,"m_FxEnabled":true},"in2DMode":false,"pivot":{"x":-1.1639964580535889,"y":0.15031203627586366,"z":-0.4761219620704651},"rotation":{"x":0.030723057687282563,"y":-0.9667433500289917,"z":0.20801354944705964,"w":0.14692309498786927},"size":2.74800443649292,"orthographic":false}