{"cameraMode":{"drawMode":0,"name":"Shaded","section":"Shading Mode"},"sceneLighting":false,"audioPlay":false,"sceneViewState":{"m_AlwaysRefresh":true,"showFog":true,"showSkybox":true,"showFlares":true,"showImageEffects":true,"showParticleSystems":true,"showVisualEffectGraphs":true,"m_FxEnabled":true},"in2DMode":false,"pivot":{"x":0.677747368812561,"y":-0.06670546531677246,"z":-0.5143337249755859},"rotation":{"x":-0.11819986999034882,"y":-0.8758531808853149,"z":0.2711862325668335,"w":-0.38137564063072207},"size":1.3832308053970338,"orthographic":false}