{"cameraMode":{"drawMode":0,"name":"Shaded","section":"Shading Mode"},"sceneLighting":false,"audioPlay":false,"sceneViewState":{"m_AlwaysRefresh":true,"showFog":true,"showSkybox":true,"showFlares":true,"showImageEffects":true,"showParticleSystems":true,"showVisualEffectGraphs":true,"m_FxEnabled":true},"in2DMode":false,"pivot":{"x":-0.36314067244529726,"y":1.6235520839691163,"z":0.4577418565750122},"rotation":{"x":0.24040618538856507,"y":-0.7085675001144409,"z":0.2840781807899475,"w":0.5995939373970032},"size":1.6055020093917847,"orthographic":false}